9;njekjuy;654521;ysi5yjui@hgjs;aes tujne;1;2019-04-02 20:58:19;
11;njekjuy;654521;ysi5yjui@hgjs;hud yj;3;2019-04-02 20:58:19;
12;njekjuy;654521;ysi5yjui@hgjs;hud yj;3;2019-04-02 20:58:19;
13;njekjuy;654521;ysi5yjui@hgjs;hud yj;3;2019-04-02 20:58:19;
14;njekjuy;654521;ysi5yjui@hgjs;hud yj;3;2019-04-02 20:58:19;
15;njekjuy;654521;ysi5yjui@hgjs;hud yj;3;2019-04-02 20:58:19;
16;njekjuy;654521;ysi5yjui@hgjs;hud yj;3;2019-04-02 20:58:19;
17;njekjuy;367845;ysi5yjui@hgjs;snuy6ui6;4;2019-04-04 18:14:32;
18;njekjuy;367845;ysi5yjui@hgjs;snuy6ui6;4;2019-04-04 18:18:01;
19;Наумчик Ольга Викторовна;+3752984512562;ysi5yjui@hgjs;srtby;1;2019-04-04 21:06:37;
20;Наумчик Ольга Викторовна;+3752984512562;ysi5yjui@hgjs;srtby;1;2019-04-04 21:08:02;
21;Наумчик Ольга Викторовна;+3752984512562;ysi5yjui@hgjs;r679i4m68o;2;2019-04-09 18:11:37;
22;Наумчик Ольга Викторовна;+3752984512;ysi5yjui@hgjs;r679i4m68o;2;2019-04-09 18:11:49;
23;Наумчик Ольга Викторовна;+37529845128-8-]=;ysi5yjui@hgjs;r679i4m68o;2;2019-04-09 18:11:57;
24;Наумчик Ольга Викторовна;+3752984512562;ysi5yjui@hgjs;myp;6;2019-04-09 18:13:14;
25;Наумчик Ольга Викторовна;+3752984512562;ysi5yjui@hgjs;dmsr68;2;2019-04-09 18:29:51;
26;Наумчик Ольга Викторовна;+3752984512562;ysi5yjui@hgjs;fyuoyo;3;2019-04-09 20:37:27;
27;Наумчик Ольга Викторовна;+3752984512562;ysi5yjui@hgjs;fyuoyo;3;2019-04-09 20:37:56;
28;Наумчик Ольга Викторовна;+3752984512562;ysi5yjui@hgjs;dtuoledl;2;2019-04-09 20:39:46;
29;елена;+375297854598;ysi5yjui@hgjs;влоиртуыщкио;3;2019-04-11 18:09:45;
30;иванов иван;+375294561235;ysi5yjui@hgjs;еияуенг;5;2019-04-11 18:21:27;
